epoch,train_loss,train_accuracy,train_f1,valid_loss,valid_accuracy,valid_f1,valid_f1_normal,valid_f1_afib,valid_recall_normal,valid_recall_afib,learning_rate
1,0.06772181798466208,72.433941227731,0.7235319097461401,0.0287879464674556,97.54608517401702,0.9749550615526017,0.9713959206288741,0.9785142024763293,0.9919374801089147,0.9635264586855181,0.00019999999999999998
2,0.049003372615917216,74.38433641357712,0.7428230383488712,0.02490569174526739,97.16730292182231,0.9711387040155764,0.9672117054383521,0.9750657025928008,0.9946249867392765,0.9550484094052559,0.0003
3,0.04471549704035735,74.69063221844065,0.7460118888635285,0.021474396489848765,98.05409901813698,0.980053734313822,0.9769362136657336,0.9831712549619105,0.9810990487641006,0.9801367757799293,0.0003
4,0.04228065635713356,74.82782838867212,0.7474072217434009,0.02130837005329807,97.36560657150072,0.9729771761174133,0.9686940097616085,0.9772603424732182,0.9702782983839598,0.9761026586752728,0.00029744596495258525
5,0.04117172940501196,74.90290862644876,0.748159015404572,0.01999723105449579,97.19032694107337,0.9712187069757736,0.9667799467846887,0.9756574671668586,0.9732840623784433,0.9709031299626044,0.0002898708344106533
6,0.04034183796742766,74.8836312681007,0.7479836768890937,0.027467078728322027,96.48475215757341,0.9636489098199688,0.9570480883540696,0.9702497312858679,0.9323172672301001,0.988409917524717,0.0002775325703594421
7,0.03978597053663832,74.84721848010993,0.7476251735348814,0.019809122960115944,97.71765125295228,0.9764874758812664,0.9724624304391852,0.9805125213233475,0.959369143180452,0.9900747912504483,0.00026085133758309883
8,0.03921202707160308,75.00098641453535,0.7491367764118431,0.017595336739206355,96.49292197085605,0.963754833678622,0.9572305852942775,0.9702790820629665,0.9342975352735245,0.9871164387070335,0.00024039519545688846
9,0.039297088509352485,74.90403595734631,0.7481713321805512,0.020687351480791233,96.15053252328397,0.9603218805702844,0.9534693730978822,0.9671743880426866,0.9389122670532905,0.9778699861687413,0.00021686075336648075
